{
    "loss": 0.2554742097854614,
    "accuracy": 0.8633093237876892
}