{
    "loss": 0.10966839641332626,
    "accuracy": 0.9568345546722412
}